{"initial_reset_timestamp": 1566707748.3821802, "timestamps": [1566707823.9118361], "episode_lengths": [717], "episode_rewards": [312.8856770395969], "episode_types": ["t"]}